EmployeeNumber,Age,Department,JobRole,Cluster,Attrition_Probability,Priority,Num_Actions,Recommendations
1,41,Sales,Sales Executive,1,0.8495328339922251,URGENT,14, RISQUE ÉLEVÉ D'ATTRITION | → Entretien individuel immédiat avec le manager | → Révision salariale prioritaire | → Plan de rétention personnalisé |  Équilibre vie-travail insuffisant | → Réduction des heures supplémentaires | → Télétravail ou horaires flexibles | → Programme de bien-être |  Surcharge de travail détectée | → Redistribution de la charge de travail | → Embauche d'un support supplémentaire |  Formation insuffisante | → Programme de formation continue | → Certifications professionnelles
4,37,Research & Development,Laboratory Technician,1,0.8407450262164332,URGENT,7, RISQUE ÉLEVÉ D'ATTRITION | → Entretien individuel immédiat avec le manager | → Révision salariale prioritaire | → Plan de rétention personnalisé |  Salaire en dessous de la moyenne | → Révision salariale recommandée | → Bonus ou avantages supplémentaires
19,28,Research & Development,Laboratory Technician,1,0.9757672563339498,URGENT,10, RISQUE ÉLEVÉ D'ATTRITION | → Entretien individuel immédiat avec le manager | → Révision salariale prioritaire | → Plan de rétention personnalisé |  Salaire en dessous de la moyenne | → Révision salariale recommandée | → Bonus ou avantages supplémentaires |  Distance domicile-travail importante | → Télétravail partiel ou complet | → Aide au transport
27,36,Sales,Sales Representative,1,0.8571547053054799,URGENT,8, RISQUE ÉLEVÉ D'ATTRITION | → Entretien individuel immédiat avec le manager | → Révision salariale prioritaire | → Plan de rétention personnalisé |  Satisfaction au travail faible | → Évaluation des tâches et responsabilités | → Possibilité de changement de rôle ou projet | → Formation pour développement de compétences
33,32,Research & Development,Research Scientist,1,0.9566965625645084,URGENT,15, RISQUE ÉLEVÉ D'ATTRITION | → Entretien individuel immédiat avec le manager | → Révision salariale prioritaire | → Plan de rétention personnalisé |  Satisfaction au travail faible | → Évaluation des tâches et responsabilités | → Possibilité de changement de rôle ou projet | → Formation pour développement de compétences |  Stagnation de carrière | → Plan de développement de carrière | → Évaluation pour promotion | → Nouvelles responsabilités |  Faible implication au travail | → Projets stimulants et motivants | → Reconnaissance et valorisation
42,39,Sales,Sales Representative,1,0.7536975129872088,URGENT,7, RISQUE ÉLEVÉ D'ATTRITION | → Entretien individuel immédiat avec le manager | → Révision salariale prioritaire | → Plan de rétention personnalisé |  Salaire en dessous de la moyenne | → Révision salariale recommandée | → Bonus ou avantages supplémentaires
45,24,Research & Development,Research Scientist,1,0.8764915661925733,URGENT,10, RISQUE ÉLEVÉ D'ATTRITION | → Entretien individuel immédiat avec le manager | → Révision salariale prioritaire | → Plan de rétention personnalisé |  Surcharge de travail détectée | → Redistribution de la charge de travail | → Embauche d'un support supplémentaire |  Salaire en dessous de la moyenne | → Révision salariale recommandée | → Bonus ou avantages supplémentaires
47,50,Sales,Sales Representative,1,0.968355315115652,URGENT,7, RISQUE ÉLEVÉ D'ATTRITION | → Entretien individuel immédiat avec le manager | → Révision salariale prioritaire | → Plan de rétention personnalisé |  Insatisfaction environnement de travail | → Amélioration des conditions de travail | → Changement d'équipe ou de bureau
55,26,Research & Development,Laboratory Technician,1,0.957285424409855,URGENT,16, RISQUE ÉLEVÉ D'ATTRITION | → Entretien individuel immédiat avec le manager | → Révision salariale prioritaire | → Plan de rétention personnalisé |  Insatisfaction environnement de travail | → Amélioration des conditions de travail | → Changement d'équipe ou de bureau |  Salaire en dessous de la moyenne | → Révision salariale recommandée | → Bonus ou avantages supplémentaires |  Distance domicile-travail importante | → Télétravail partiel ou complet | → Aide au transport |  Faible implication au travail | → Projets stimulants et motivants | → Reconnaissance et valorisation
58,41,Research & Development,Research Director,0,0.8662964186828822,URGENT,11, RISQUE ÉLEVÉ D'ATTRITION | → Entretien individuel immédiat avec le manager | → Révision salariale prioritaire | → Plan de rétention personnalisé |  Stagnation de carrière | → Plan de développement de carrière | → Évaluation pour promotion | → Nouvelles responsabilités |  Formation insuffisante | → Programme de formation continue | → Certifications professionnelles
64,48,Research & Development,Laboratory Technician,1,0.8202138677351916,URGENT,10, RISQUE ÉLEVÉ D'ATTRITION | → Entretien individuel immédiat avec le manager | → Révision salariale prioritaire | → Plan de rétention personnalisé |  Insatisfaction environnement de travail | → Amélioration des conditions de travail | → Changement d'équipe ou de bureau |  Salaire en dessous de la moyenne | → Révision salariale recommandée | → Bonus ou avantages supplémentaires
65,28,Research & Development,Laboratory Technician,1,0.8123331839631323,URGENT,7, RISQUE ÉLEVÉ D'ATTRITION | → Entretien individuel immédiat avec le manager | → Révision salariale prioritaire | → Plan de rétention personnalisé |  Surcharge de travail détectée | → Redistribution de la charge de travail | → Embauche d'un support supplémentaire
90,36,Research & Development,Research Scientist,1,0.8248847248896922,URGENT,10, RISQUE ÉLEVÉ D'ATTRITION | → Entretien individuel immédiat avec le manager | → Révision salariale prioritaire | → Plan de rétention personnalisé |  Surcharge de travail détectée | → Redistribution de la charge de travail | → Embauche d'un support supplémentaire |  Formation insuffisante | → Programme de formation continue | → Certifications professionnelles
133,37,Human Resources,Human Resources,1,0.8978123257519552,URGENT,11, RISQUE ÉLEVÉ D'ATTRITION | → Entretien individuel immédiat avec le manager | → Révision salariale prioritaire | → Plan de rétention personnalisé |  Satisfaction au travail faible | → Évaluation des tâches et responsabilités | → Possibilité de changement de rôle ou projet | → Formation pour développement de compétences |  Salaire en dessous de la moyenne | → Révision salariale recommandée | → Bonus ou avantages supplémentaires
137,20,Research & Development,Laboratory Technician,1,0.8692741638440659,URGENT,4, RISQUE ÉLEVÉ D'ATTRITION | → Entretien individuel immédiat avec le manager | → Révision salariale prioritaire | → Plan de rétention personnalisé
142,25,Sales,Sales Executive,1,0.7591661129775564,URGENT,7, RISQUE ÉLEVÉ D'ATTRITION | → Entretien individuel immédiat avec le manager | → Révision salariale prioritaire | → Plan de rétention personnalisé |  Formation insuffisante | → Programme de formation continue | → Certifications professionnelles
147,34,Research & Development,Laboratory Technician,1,0.8754589106445692,URGENT,10, RISQUE ÉLEVÉ D'ATTRITION | → Entretien individuel immédiat avec le manager | → Révision salariale prioritaire | → Plan de rétention personnalisé |  Insatisfaction environnement de travail | → Amélioration des conditions de travail | → Changement d'équipe ou de bureau |  Faible implication au travail | → Projets stimulants et motivants | → Reconnaissance et valorisation
161,56,Research & Development,Research Scientist,1,0.877872546638262,URGENT,4, RISQUE ÉLEVÉ D'ATTRITION | → Entretien individuel immédiat avec le manager | → Révision salariale prioritaire | → Plan de rétention personnalisé
163,31,Sales,Sales Executive,0,0.8562083877528651,URGENT,14, RISQUE ÉLEVÉ D'ATTRITION | → Entretien individuel immédiat avec le manager | → Révision salariale prioritaire | → Plan de rétention personnalisé |  Surcharge de travail détectée | → Redistribution de la charge de travail | → Embauche d'un support supplémentaire |  Stagnation de carrière | → Plan de développement de carrière | → Évaluation pour promotion | → Nouvelles responsabilités |  Faible implication au travail | → Projets stimulants et motivants | → Reconnaissance et valorisation
165,58,Research & Development,Healthcare Representative,0,0.9606099363506247,URGENT,11, RISQUE ÉLEVÉ D'ATTRITION | → Entretien individuel immédiat avec le manager | → Révision salariale prioritaire | → Plan de rétention personnalisé |  Stagnation de carrière | → Plan de développement de carrière | → Évaluation pour promotion | → Nouvelles responsabilités |  Distance domicile-travail importante | → Télétravail partiel ou complet | → Aide au transport
167,19,Sales,Sales Representative,1,0.9883877538885308,URGENT,13, RISQUE ÉLEVÉ D'ATTRITION | → Entretien individuel immédiat avec le manager | → Révision salariale prioritaire | → Plan de rétention personnalisé |  Surcharge de travail détectée | → Redistribution de la charge de travail | → Embauche d'un support supplémentaire |  Salaire en dessous de la moyenne | → Révision salariale recommandée | → Bonus ou avantages supplémentaires |  Distance domicile-travail importante | → Télétravail partiel ou complet | → Aide au transport
175,31,Sales,Sales Executive,1,0.861349504368495,URGENT,10, RISQUE ÉLEVÉ D'ATTRITION | → Entretien individuel immédiat avec le manager | → Révision salariale prioritaire | → Plan de rétention personnalisé |  Salaire en dessous de la moyenne | → Révision salariale recommandée | → Bonus ou avantages supplémentaires |  Faible implication au travail | → Projets stimulants et motivants | → Reconnaissance et valorisation
179,51,Research & Development,Manufacturing Director,1,0.8901294415304595,URGENT,10, RISQUE ÉLEVÉ D'ATTRITION | → Entretien individuel immédiat avec le manager | → Révision salariale prioritaire | → Plan de rétention personnalisé |  Insatisfaction environnement de travail | → Amélioration des conditions de travail | → Changement d'équipe ou de bureau |  Faible implication au travail | → Projets stimulants et motivants | → Reconnaissance et valorisation
190,32,Research & Development,Laboratory Technician,1,0.9236941465798002,URGENT,11, RISQUE ÉLEVÉ D'ATTRITION | → Entretien individuel immédiat avec le manager | → Révision salariale prioritaire | → Plan de rétention personnalisé |  Satisfaction au travail faible | → Évaluation des tâches et responsabilités | → Possibilité de changement de rôle ou projet | → Formation pour développement de compétences |  Insatisfaction environnement de travail | → Amélioration des conditions de travail | → Changement d'équipe ou de bureau
235,19,Sales,Sales Representative,1,0.9846486923660986,URGENT,11, RISQUE ÉLEVÉ D'ATTRITION | → Entretien individuel immédiat avec le manager | → Révision salariale prioritaire | → Plan de rétention personnalisé |  Satisfaction au travail faible | → Évaluation des tâches et responsabilités | → Possibilité de changement de rôle ou projet | → Formation pour développement de compétences |  Faible implication au travail | → Projets stimulants et motivants | → Reconnaissance et valorisation
243,19,Research & Development,Laboratory Technician,1,0.8938660815526805,URGENT,7, RISQUE ÉLEVÉ D'ATTRITION | → Entretien individuel immédiat avec le manager | → Révision salariale prioritaire | → Plan de rétention personnalisé |  Salaire en dessous de la moyenne | → Révision salariale recommandée | → Bonus ou avantages supplémentaires
248,41,Sales,Sales Representative,1,0.9081424691784837,URGENT,7, RISQUE ÉLEVÉ D'ATTRITION | → Entretien individuel immédiat avec le manager | → Révision salariale prioritaire | → Plan de rétention personnalisé |  Surcharge de travail détectée | → Redistribution de la charge de travail | → Embauche d'un support supplémentaire
261,35,Research & Development,Manufacturing Director,1,0.8112042083877784,URGENT,10, RISQUE ÉLEVÉ D'ATTRITION | → Entretien individuel immédiat avec le manager | → Révision salariale prioritaire | → Plan de rétention personnalisé |  Formation insuffisante | → Programme de formation continue | → Certifications professionnelles |  Distance domicile-travail importante | → Télétravail partiel ou complet | → Aide au transport
282,38,Research & Development,Healthcare Representative,1,0.9248813535867402,URGENT,11, RISQUE ÉLEVÉ D'ATTRITION | → Entretien individuel immédiat avec le manager | → Révision salariale prioritaire | → Plan de rétention personnalisé |  Satisfaction au travail faible | → Évaluation des tâches et responsabilités | → Possibilité de changement de rôle ou projet | → Formation pour développement de compétences |  Distance domicile-travail importante | → Télétravail partiel ou complet | → Aide au transport
291,32,Sales,Sales Executive,0,0.8242271900742286,URGENT,11, RISQUE ÉLEVÉ D'ATTRITION | → Entretien individuel immédiat avec le manager | → Révision salariale prioritaire | → Plan de rétention personnalisé |  Stagnation de carrière | → Plan de développement de carrière | → Évaluation pour promotion | → Nouvelles responsabilités |  Faible implication au travail | → Projets stimulants et motivants | → Reconnaissance et valorisation
297,30,Research & Development,Research Scientist,1,0.7617417099878879,URGENT,8, RISQUE ÉLEVÉ D'ATTRITION | → Entretien individuel immédiat avec le manager | → Révision salariale prioritaire | → Plan de rétention personnalisé |  Satisfaction au travail faible | → Évaluation des tâches et responsabilités | → Possibilité de changement de rôle ou projet | → Formation pour développement de compétences
299,30,Sales,Sales Executive,1,0.8833362299765636,URGENT,11, RISQUE ÉLEVÉ D'ATTRITION | → Entretien individuel immédiat avec le manager | → Révision salariale prioritaire | → Plan de rétention personnalisé |  Satisfaction au travail faible | → Évaluation des tâches et responsabilités | → Possibilité de changement de rôle ou projet | → Formation pour développement de compétences |  Distance domicile-travail importante | → Télétravail partiel ou complet | → Aide au transport
300,29,Research & Development,Research Scientist,1,0.8186033001904532,URGENT,10, RISQUE ÉLEVÉ D'ATTRITION | → Entretien individuel immédiat avec le manager | → Révision salariale prioritaire | → Plan de rétention personnalisé |  Salaire en dessous de la moyenne | → Révision salariale recommandée | → Bonus ou avantages supplémentaires |  Formation insuffisante | → Programme de formation continue | → Certifications professionnelles
315,29,Research & Development,Research Scientist,1,0.8662204205223405,URGENT,10, RISQUE ÉLEVÉ D'ATTRITION | → Entretien individuel immédiat avec le manager | → Révision salariale prioritaire | → Plan de rétention personnalisé |  Surcharge de travail détectée | → Redistribution de la charge de travail | → Embauche d'un support supplémentaire |  Salaire en dessous de la moyenne | → Révision salariale recommandée | → Bonus ou avantages supplémentaires
325,33,Research & Development,Laboratory Technician,1,0.9009131985827685,URGENT,11, RISQUE ÉLEVÉ D'ATTRITION | → Entretien individuel immédiat avec le manager | → Révision salariale prioritaire | → Plan de rétention personnalisé |  Équilibre vie-travail insuffisant | → Réduction des heures supplémentaires | → Télétravail ou horaires flexibles | → Programme de bien-être |  Surcharge de travail détectée | → Redistribution de la charge de travail | → Embauche d'un support supplémentaire
328,33,Research & Development,Laboratory Technician,1,0.8577980455980063,URGENT,11, RISQUE ÉLEVÉ D'ATTRITION | → Entretien individuel immédiat avec le manager | → Révision salariale prioritaire | → Plan de rétention personnalisé |  Satisfaction au travail faible | → Évaluation des tâches et responsabilités | → Possibilité de changement de rôle ou projet | → Formation pour développement de compétences |  Insatisfaction environnement de travail | → Amélioration des conditions de travail | → Changement d'équipe ou de bureau
331,32,Research & Development,Laboratory Technician,1,0.881651130523608,URGENT,11, RISQUE ÉLEVÉ D'ATTRITION | → Entretien individuel immédiat avec le manager | → Révision salariale prioritaire | → Plan de rétention personnalisé |  Équilibre vie-travail insuffisant | → Réduction des heures supplémentaires | → Télétravail ou horaires flexibles | → Programme de bien-être |  Surcharge de travail détectée | → Redistribution de la charge de travail | → Embauche d'un support supplémentaire
342,37,Research & Development,Manufacturing Director,1,0.8161541947631424,URGENT,7, RISQUE ÉLEVÉ D'ATTRITION | → Entretien individuel immédiat avec le manager | → Révision salariale prioritaire | → Plan de rétention personnalisé |  Insatisfaction environnement de travail | → Amélioration des conditions de travail | → Changement d'équipe ou de bureau
355,31,Research & Development,Laboratory Technician,1,0.8081549333824575,URGENT,7, RISQUE ÉLEVÉ D'ATTRITION | → Entretien individuel immédiat avec le manager | → Révision salariale prioritaire | → Plan de rétention personnalisé |  Distance domicile-travail importante | → Télétravail partiel ou complet | → Aide au transport
364,28,Research & Development,Laboratory Technician,1,0.9365813059845844,URGENT,11, RISQUE ÉLEVÉ D'ATTRITION | → Entretien individuel immédiat avec le manager | → Révision salariale prioritaire | → Plan de rétention personnalisé |  Équilibre vie-travail insuffisant | → Réduction des heures supplémentaires | → Télétravail ou horaires flexibles | → Programme de bien-être |  Insatisfaction environnement de travail | → Amélioration des conditions de travail | → Changement d'équipe ou de bureau
376,47,Research & Development,Manager,0,0.876646918841367,URGENT,17, RISQUE ÉLEVÉ D'ATTRITION | → Entretien individuel immédiat avec le manager | → Révision salariale prioritaire | → Plan de rétention personnalisé |  Surcharge de travail détectée | → Redistribution de la charge de travail | → Embauche d'un support supplémentaire |  Insatisfaction environnement de travail | → Amélioration des conditions de travail | → Changement d'équipe ou de bureau |  Stagnation de carrière | → Plan de développement de carrière | → Évaluation pour promotion | → Nouvelles responsabilités |  Distance domicile-travail importante | → Télétravail partiel ou complet | → Aide au transport
392,44,Research & Development,Laboratory Technician,1,0.9353562588353477,URGENT,17, RISQUE ÉLEVÉ D'ATTRITION | → Entretien individuel immédiat avec le manager | → Révision salariale prioritaire | → Plan de rétention personnalisé |  Équilibre vie-travail insuffisant | → Réduction des heures supplémentaires | → Télétravail ou horaires flexibles | → Programme de bien-être |  Surcharge de travail détectée | → Redistribution de la charge de travail | → Embauche d'un support supplémentaire |  Formation insuffisante | → Programme de formation continue | → Certifications professionnelles |  Distance domicile-travail importante | → Télétravail partiel ou complet | → Aide au transport
394,26,Research & Development,Laboratory Technician,1,0.9550503088095126,URGENT,10, RISQUE ÉLEVÉ D'ATTRITION | → Entretien individuel immédiat avec le manager | → Révision salariale prioritaire | → Plan de rétention personnalisé |  Insatisfaction environnement de travail | → Amélioration des conditions de travail | → Changement d'équipe ou de bureau |  Salaire en dessous de la moyenne | → Révision salariale recommandée | → Bonus ou avantages supplémentaires
401,26,Sales,Sales Executive,1,0.8676470869335438,URGENT,11, RISQUE ÉLEVÉ D'ATTRITION | → Entretien individuel immédiat avec le manager | → Révision salariale prioritaire | → Plan de rétention personnalisé |  Stagnation de carrière | → Plan de développement de carrière | → Évaluation pour promotion | → Nouvelles responsabilités |  Formation insuffisante | → Programme de formation continue | → Certifications professionnelles
405,18,Research & Development,Laboratory Technician,1,0.8926811421760318,URGENT,7, RISQUE ÉLEVÉ D'ATTRITION | → Entretien individuel immédiat avec le manager | → Révision salariale prioritaire | → Plan de rétention personnalisé |  Salaire en dessous de la moyenne | → Révision salariale recommandée | → Bonus ou avantages supplémentaires
433,52,Research & Development,Research Scientist,0,0.6981452916735351,URGENT,8, RISQUE ÉLEVÉ D'ATTRITION | → Entretien individuel immédiat avec le manager | → Révision salariale prioritaire | → Plan de rétention personnalisé |  Stagnation de carrière | → Plan de développement de carrière | → Évaluation pour promotion | → Nouvelles responsabilités
440,28,Research & Development,Research Scientist,1,0.966627364451144,URGENT,13, RISQUE ÉLEVÉ D'ATTRITION | → Entretien individuel immédiat avec le manager | → Révision salariale prioritaire | → Plan de rétention personnalisé |  Surcharge de travail détectée | → Redistribution de la charge de travail | → Embauche d'un support supplémentaire |  Insatisfaction environnement de travail | → Amélioration des conditions de travail | → Changement d'équipe ou de bureau |  Faible implication au travail | → Projets stimulants et motivants | → Reconnaissance et valorisation
445,39,Sales,Sales Executive,1,0.674202664992406,URGENT,7, RISQUE ÉLEVÉ D'ATTRITION | → Entretien individuel immédiat avec le manager | → Révision salariale prioritaire | → Plan de rétention personnalisé |  Surcharge de travail détectée | → Redistribution de la charge de travail | → Embauche d'un support supplémentaire
454,29,Research & Development,Laboratory Technician,1,0.9125654434988518,URGENT,17, RISQUE ÉLEVÉ D'ATTRITION | → Entretien individuel immédiat avec le manager | → Révision salariale prioritaire | → Plan de rétention personnalisé |  Satisfaction au travail faible | → Évaluation des tâches et responsabilités | → Possibilité de changement de rôle ou projet | → Formation pour développement de compétences |  Surcharge de travail détectée | → Redistribution de la charge de travail | → Embauche d'un support supplémentaire |  Salaire en dessous de la moyenne | → Révision salariale recommandée | → Bonus ou avantages supplémentaires |  Faible implication au travail | → Projets stimulants et motivants | → Reconnaissance et valorisation
478,21,Sales,Sales Representative,1,0.9824015900418155,URGENT,7, RISQUE ÉLEVÉ D'ATTRITION | → Entretien individuel immédiat avec le manager | → Révision salariale prioritaire | → Plan de rétention personnalisé |  Insatisfaction environnement de travail | → Amélioration des conditions de travail | → Changement d'équipe ou de bureau
485,33,Sales,Sales Representative,1,0.8503119613684442,URGENT,4, RISQUE ÉLEVÉ D'ATTRITION | → Entretien individuel immédiat avec le manager | → Révision salariale prioritaire | → Plan de rétention personnalisé
492,40,Sales,Sales Executive,1,0.888791385871466,URGENT,7, RISQUE ÉLEVÉ D'ATTRITION | → Entretien individuel immédiat avec le manager | → Révision salariale prioritaire | → Plan de rétention personnalisé |  Distance domicile-travail importante | → Télétravail partiel ou complet | → Aide au transport
494,21,Sales,Sales Representative,1,0.8416213317682655,URGENT,7, RISQUE ÉLEVÉ D'ATTRITION | → Entretien individuel immédiat avec le manager | → Révision salariale prioritaire | → Plan de rétention personnalisé |  Formation insuffisante | → Programme de formation continue | → Certifications professionnelles
502,34,Sales,Sales Executive,1,0.9023095648537545,URGENT,10, RISQUE ÉLEVÉ D'ATTRITION | → Entretien individuel immédiat avec le manager | → Révision salariale prioritaire | → Plan de rétention personnalisé |  Surcharge de travail détectée | → Redistribution de la charge de travail | → Embauche d'un support supplémentaire |  Insatisfaction environnement de travail | → Amélioration des conditions de travail | → Changement d'équipe ou de bureau
510,26,Research & Development,Research Scientist,1,0.7470318492126473,URGENT,8, RISQUE ÉLEVÉ D'ATTRITION | → Entretien individuel immédiat avec le manager | → Révision salariale prioritaire | → Plan de rétention personnalisé |  Satisfaction au travail faible | → Évaluation des tâches et responsabilités | → Possibilité de changement de rôle ou projet | → Formation pour développement de compétences
514,30,Research & Development,Research Scientist,1,0.972052105980595,URGENT,7, RISQUE ÉLEVÉ D'ATTRITION | → Entretien individuel immédiat avec le manager | → Révision salariale prioritaire | → Plan de rétention personnalisé |  Salaire en dessous de la moyenne | → Révision salariale recommandée | → Bonus ou avantages supplémentaires
538,25,Research & Development,Laboratory Technician,1,0.6427652136716645,URGENT,11, RISQUE ÉLEVÉ D'ATTRITION | → Entretien individuel immédiat avec le manager | → Révision salariale prioritaire | → Plan de rétention personnalisé |  Satisfaction au travail faible | → Évaluation des tâches et responsabilités | → Possibilité de changement de rôle ou projet | → Formation pour développement de compétences |  Insatisfaction environnement de travail | → Amélioration des conditions de travail | → Changement d'équipe ou de bureau
554,24,Sales,Sales Representative,1,0.9400561603198233,URGENT,7, RISQUE ÉLEVÉ D'ATTRITION | → Entretien individuel immédiat avec le manager | → Révision salariale prioritaire | → Plan de rétention personnalisé |  Insatisfaction environnement de travail | → Amélioration des conditions de travail | → Changement d'équipe ou de bureau
555,34,Sales,Sales Representative,1,0.7976855681432181,URGENT,7, RISQUE ÉLEVÉ D'ATTRITION | → Entretien individuel immédiat avec le manager | → Révision salariale prioritaire | → Plan de rétention personnalisé |  Faible implication au travail | → Projets stimulants et motivants | → Reconnaissance et valorisation
565,29,Research & Development,Research Scientist,1,0.7642571438888894,URGENT,7, RISQUE ÉLEVÉ D'ATTRITION | → Entretien individuel immédiat avec le manager | → Révision salariale prioritaire | → Plan de rétention personnalisé |  Distance domicile-travail importante | → Télétravail partiel ou complet | → Aide au transport
566,19,Human Resources,Human Resources,1,0.906647851909363,URGENT,7, RISQUE ÉLEVÉ D'ATTRITION | → Entretien individuel immédiat avec le manager | → Révision salariale prioritaire | → Plan de rétention personnalisé |  Insatisfaction environnement de travail | → Amélioration des conditions de travail | → Changement d'équipe ou de bureau
582,33,Research & Development,Manager,0,0.8033204839722086,URGENT,8, RISQUE ÉLEVÉ D'ATTRITION | → Entretien individuel immédiat avec le manager | → Révision salariale prioritaire | → Plan de rétention personnalisé |  Stagnation de carrière | → Plan de développement de carrière | → Évaluation pour promotion | → Nouvelles responsabilités
584,33,Research & Development,Laboratory Technician,1,0.8484580010240007,URGENT,10, RISQUE ÉLEVÉ D'ATTRITION | → Entretien individuel immédiat avec le manager | → Révision salariale prioritaire | → Plan de rétention personnalisé |  Insatisfaction environnement de travail | → Amélioration des conditions de travail | → Changement d'équipe ou de bureau |  Faible implication au travail | → Projets stimulants et motivants | → Reconnaissance et valorisation
587,31,Research & Development,Healthcare Representative,1,0.9278738870087004,URGENT,7, RISQUE ÉLEVÉ D'ATTRITION | → Entretien individuel immédiat avec le manager | → Révision salariale prioritaire | → Plan de rétention personnalisé |  Insatisfaction environnement de travail | → Amélioration des conditions de travail | → Changement d'équipe ou de bureau
590,34,Human Resources,Human Resources,1,0.8799752250285252,URGENT,11, RISQUE ÉLEVÉ D'ATTRITION | → Entretien individuel immédiat avec le manager | → Révision salariale prioritaire | → Plan de rétention personnalisé |  Satisfaction au travail faible | → Évaluation des tâches et responsabilités | → Possibilité de changement de rôle ou projet | → Formation pour développement de compétences |  Distance domicile-travail importante | → Télétravail partiel ou complet | → Aide au transport
593,22,Research & Development,Laboratory Technician,1,0.8398521325612202,URGENT,4, RISQUE ÉLEVÉ D'ATTRITION | → Entretien individuel immédiat avec le manager | → Révision salariale prioritaire | → Plan de rétention personnalisé
608,26,Human Resources,Human Resources,1,0.8918689898630684,URGENT,7, RISQUE ÉLEVÉ D'ATTRITION | → Entretien individuel immédiat avec le manager | → Révision salariale prioritaire | → Plan de rétention personnalisé |  Surcharge de travail détectée | → Redistribution de la charge de travail | → Embauche d'un support supplémentaire
614,18,Sales,Sales Representative,1,0.9760131201654371,URGENT,7, RISQUE ÉLEVÉ D'ATTRITION | → Entretien individuel immédiat avec le manager | → Révision salariale prioritaire | → Plan de rétention personnalisé |  Salaire en dessous de la moyenne | → Révision salariale recommandée | → Bonus ou avantages supplémentaires
622,26,Research & Development,Laboratory Technician,1,0.9872714461331993,URGENT,20, RISQUE ÉLEVÉ D'ATTRITION | → Entretien individuel immédiat avec le manager | → Révision salariale prioritaire | → Plan de rétention personnalisé |  Équilibre vie-travail insuffisant | → Réduction des heures supplémentaires | → Télétravail ou horaires flexibles | → Programme de bien-être |  Surcharge de travail détectée | → Redistribution de la charge de travail | → Embauche d'un support supplémentaire |  Salaire en dessous de la moyenne | → Révision salariale recommandée | → Bonus ou avantages supplémentaires |  Distance domicile-travail importante | → Télétravail partiel ou complet | → Aide au transport |  Faible implication au travail | → Projets stimulants et motivants | → Reconnaissance et valorisation
631,32,Sales,Sales Executive,1,0.6885354216527984,URGENT,7, RISQUE ÉLEVÉ D'ATTRITION | → Entretien individuel immédiat avec le manager | → Révision salariale prioritaire | → Plan de rétention personnalisé |  Salaire en dessous de la moyenne | → Révision salariale recommandée | → Bonus ou avantages supplémentaires
647,24,Research & Development,Laboratory Technician,1,0.9054753859361622,URGENT,7, RISQUE ÉLEVÉ D'ATTRITION | → Entretien individuel immédiat avec le manager | → Révision salariale prioritaire | → Plan de rétention personnalisé |  Insatisfaction environnement de travail | → Amélioration des conditions de travail | → Changement d'équipe ou de bureau
648,30,Sales,Sales Representative,1,0.9189969208293729,URGENT,11, RISQUE ÉLEVÉ D'ATTRITION | → Entretien individuel immédiat avec le manager | → Révision salariale prioritaire | → Plan de rétention personnalisé |  Satisfaction au travail faible | → Évaluation des tâches et responsabilités | → Possibilité de changement de rôle ou projet | → Formation pour développement de compétences |  Salaire en dessous de la moyenne | → Révision salariale recommandée | → Bonus ou avantages supplémentaires
650,31,Sales,Sales Executive,1,0.8120040596339976,URGENT,15, RISQUE ÉLEVÉ D'ATTRITION | → Entretien individuel immédiat avec le manager | → Révision salariale prioritaire | → Plan de rétention personnalisé |  Satisfaction au travail faible | → Évaluation des tâches et responsabilités | → Possibilité de changement de rôle ou projet | → Formation pour développement de compétences |  Équilibre vie-travail insuffisant | → Réduction des heures supplémentaires | → Télétravail ou horaires flexibles | → Programme de bien-être |  Salaire en dessous de la moyenne | → Révision salariale recommandée | → Bonus ou avantages supplémentaires
667,27,Sales,Sales Representative,1,0.7720227505543573,URGENT,8, RISQUE ÉLEVÉ D'ATTRITION | → Entretien individuel immédiat avec le manager | → Révision salariale prioritaire | → Plan de rétention personnalisé |  Satisfaction au travail faible | → Évaluation des tâches et responsabilités | → Possibilité de changement de rôle ou projet | → Formation pour développement de compétences
684,45,Sales,Sales Executive,1,0.7451977856048054,URGENT,17, RISQUE ÉLEVÉ D'ATTRITION | → Entretien individuel immédiat avec le manager | → Révision salariale prioritaire | → Plan de rétention personnalisé |  Satisfaction au travail faible | → Évaluation des tâches et responsabilités | → Possibilité de changement de rôle ou projet | → Formation pour développement de compétences |  Insatisfaction environnement de travail | → Amélioration des conditions de travail | → Changement d'équipe ou de bureau |  Salaire en dessous de la moyenne | → Révision salariale recommandée | → Bonus ou avantages supplémentaires |  Distance domicile-travail importante | → Télétravail partiel ou complet | → Aide au transport
701,20,Research & Development,Research Scientist,1,0.9063233994202824,URGENT,7, RISQUE ÉLEVÉ D'ATTRITION | → Entretien individuel immédiat avec le manager | → Révision salariale prioritaire | → Plan de rétention personnalisé |  Salaire en dessous de la moyenne | → Révision salariale recommandée | → Bonus ou avantages supplémentaires
702,33,Research & Development,Research Scientist,0,0.9226762464256754,URGENT,15, RISQUE ÉLEVÉ D'ATTRITION | → Entretien individuel immédiat avec le manager | → Révision salariale prioritaire | → Plan de rétention personnalisé |  Satisfaction au travail faible | → Évaluation des tâches et responsabilités | → Possibilité de changement de rôle ou projet | → Formation pour développement de compétences |  Insatisfaction environnement de travail | → Amélioration des conditions de travail | → Changement d'équipe ou de bureau |  Stagnation de carrière | → Plan de développement de carrière | → Évaluation pour promotion | → Nouvelles responsabilités
720,24,Sales,Sales Executive,1,0.84811751390857,URGENT,10, RISQUE ÉLEVÉ D'ATTRITION | → Entretien individuel immédiat avec le manager | → Révision salariale prioritaire | → Plan de rétention personnalisé |  Insatisfaction environnement de travail | → Amélioration des conditions de travail | → Changement d'équipe ou de bureau |  Salaire en dessous de la moyenne | → Révision salariale recommandée | → Bonus ou avantages supplémentaires
723,50,Sales,Sales Executive,1,0.7374897788222619,URGENT,4, RISQUE ÉLEVÉ D'ATTRITION | → Entretien individuel immédiat avec le manager | → Révision salariale prioritaire | → Plan de rétention personnalisé
741,28,Research & Development,Research Scientist,1,0.9510924830230272,URGENT,13, RISQUE ÉLEVÉ D'ATTRITION | → Entretien individuel immédiat avec le manager | → Révision salariale prioritaire | → Plan de rétention personnalisé |  Insatisfaction environnement de travail | → Amélioration des conditions de travail | → Changement d'équipe ou de bureau |  Salaire en dessous de la moyenne | → Révision salariale recommandée | → Bonus ou avantages supplémentaires |  Faible implication au travail | → Projets stimulants et motivants | → Reconnaissance et valorisation
752,42,Research & Development,Research Scientist,1,0.8049554576640201,URGENT,4, RISQUE ÉLEVÉ D'ATTRITION | → Entretien individuel immédiat avec le manager | → Révision salariale prioritaire | → Plan de rétention personnalisé
780,33,Research & Development,Research Scientist,0,0.7878619236976951,URGENT,11, RISQUE ÉLEVÉ D'ATTRITION | → Entretien individuel immédiat avec le manager | → Révision salariale prioritaire | → Plan de rétention personnalisé |  Surcharge de travail détectée | → Redistribution de la charge de travail | → Embauche d'un support supplémentaire |  Stagnation de carrière | → Plan de développement de carrière | → Évaluation pour promotion | → Nouvelles responsabilités
785,47,Sales,Sales Executive,1,0.9088135515723996,URGENT,7, RISQUE ÉLEVÉ D'ATTRITION | → Entretien individuel immédiat avec le manager | → Révision salariale prioritaire | → Plan de rétention personnalisé |  Distance domicile-travail importante | → Télétravail partiel ou complet | → Aide au transport
787,55,Research & Development,Manager,0,0.874175383641296,URGENT,8, RISQUE ÉLEVÉ D'ATTRITION | → Entretien individuel immédiat avec le manager | → Révision salariale prioritaire | → Plan de rétention personnalisé |  Satisfaction au travail faible | → Évaluation des tâches et responsabilités | → Possibilité de changement de rôle ou projet | → Formation pour développement de compétences
796,26,Sales,Sales Executive,1,0.8398565498586523,URGENT,8, RISQUE ÉLEVÉ D'ATTRITION | → Entretien individuel immédiat avec le manager | → Révision salariale prioritaire | → Plan de rétention personnalisé |  Satisfaction au travail faible | → Évaluation des tâches et responsabilités | → Possibilité de changement de rôle ou projet | → Formation pour développement de compétences
811,23,Research & Development,Laboratory Technician,1,0.9032182527298709,URGENT,11, RISQUE ÉLEVÉ D'ATTRITION | → Entretien individuel immédiat avec le manager | → Révision salariale prioritaire | → Plan de rétention personnalisé |  Satisfaction au travail faible | → Évaluation des tâches et responsabilités | → Possibilité de changement de rôle ou projet | → Formation pour développement de compétences |  Salaire en dessous de la moyenne | → Révision salariale recommandée | → Bonus ou avantages supplémentaires
816,29,Research & Development,Laboratory Technician,1,0.9005582697197477,URGENT,14, RISQUE ÉLEVÉ D'ATTRITION | → Entretien individuel immédiat avec le manager | → Révision salariale prioritaire | → Plan de rétention personnalisé |  Satisfaction au travail faible | → Évaluation des tâches et responsabilités | → Possibilité de changement de rôle ou projet | → Formation pour développement de compétences |  Salaire en dessous de la moyenne | → Révision salariale recommandée | → Bonus ou avantages supplémentaires |  Formation insuffisante | → Programme de formation continue | → Certifications professionnelles
819,33,Sales,Sales Executive,1,0.8029171646068384,URGENT,11, RISQUE ÉLEVÉ D'ATTRITION | → Entretien individuel immédiat avec le manager | → Révision salariale prioritaire | → Plan de rétention personnalisé |  Satisfaction au travail faible | → Évaluation des tâches et responsabilités | → Possibilité de changement de rôle ou projet | → Formation pour développement de compétences |  Insatisfaction environnement de travail | → Amélioration des conditions de travail | → Changement d'équipe ou de bureau
825,58,Research & Development,Research Director,0,0.8840066906247804,URGENT,8, RISQUE ÉLEVÉ D'ATTRITION | → Entretien individuel immédiat avec le manager | → Révision salariale prioritaire | → Plan de rétention personnalisé |  Stagnation de carrière | → Plan de développement de carrière | → Évaluation pour promotion | → Nouvelles responsabilités
828,28,Research & Development,Research Scientist,1,0.6072496565812809,URGENT,4, RISQUE ÉLEVÉ D'ATTRITION | → Entretien individuel immédiat avec le manager | → Révision salariale prioritaire | → Plan de rétention personnalisé
840,49,Sales,Sales Executive,0,0.6698981897339226,URGENT,11, RISQUE ÉLEVÉ D'ATTRITION | → Entretien individuel immédiat avec le manager | → Révision salariale prioritaire | → Plan de rétention personnalisé |  Stagnation de carrière | → Plan de développement de carrière | → Évaluation pour promotion | → Nouvelles responsabilités |  Salaire en dessous de la moyenne | → Révision salariale recommandée | → Bonus ou avantages supplémentaires
842,55,Sales,Sales Executive,0,0.7853366755435639,URGENT,8, RISQUE ÉLEVÉ D'ATTRITION | → Entretien individuel immédiat avec le manager | → Révision salariale prioritaire | → Plan de rétention personnalisé |  Stagnation de carrière | → Plan de développement de carrière | → Évaluation pour promotion | → Nouvelles responsabilités
848,26,Research & Development,Research Scientist,1,0.8368953138194496,URGENT,7, RISQUE ÉLEVÉ D'ATTRITION | → Entretien individuel immédiat avec le manager | → Révision salariale prioritaire | → Plan de rétention personnalisé |  Salaire en dessous de la moyenne | → Révision salariale recommandée | → Bonus ou avantages supplémentaires
881,35,Research & Development,Research Scientist,1,0.9578290450574641,URGENT,17, RISQUE ÉLEVÉ D'ATTRITION | → Entretien individuel immédiat avec le manager | → Révision salariale prioritaire | → Plan de rétention personnalisé |  Surcharge de travail détectée | → Redistribution de la charge de travail | → Embauche d'un support supplémentaire |  Stagnation de carrière | → Plan de développement de carrière | → Évaluation pour promotion | → Nouvelles responsabilités |  Salaire en dessous de la moyenne | → Révision salariale recommandée | → Bonus ou avantages supplémentaires |  Distance domicile-travail importante | → Télétravail partiel ou complet | → Aide au transport
896,29,Sales,Sales Representative,1,0.8535036577613521,URGENT,4, RISQUE ÉLEVÉ D'ATTRITION | → Entretien individuel immédiat avec le manager | → Révision salariale prioritaire | → Plan de rétention personnalisé
911,32,Research & Development,Laboratory Technician,1,0.9607194769925362,URGENT,17, RISQUE ÉLEVÉ D'ATTRITION | → Entretien individuel immédiat avec le manager | → Révision salariale prioritaire | → Plan de rétention personnalisé |  Équilibre vie-travail insuffisant | → Réduction des heures supplémentaires | → Télétravail ou horaires flexibles | → Programme de bien-être |  Surcharge de travail détectée | → Redistribution de la charge de travail | → Embauche d'un support supplémentaire |  Insatisfaction environnement de travail | → Amélioration des conditions de travail | → Changement d'équipe ou de bureau |  Distance domicile-travail importante | → Télétravail partiel ou complet | → Aide au transport
918,58,Research & Development,Laboratory Technician,1,0.8997201388539453,URGENT,10, RISQUE ÉLEVÉ D'ATTRITION | → Entretien individuel immédiat avec le manager | → Révision salariale prioritaire | → Plan de rétention personnalisé |  Surcharge de travail détectée | → Redistribution de la charge de travail | → Embauche d'un support supplémentaire |  Salaire en dessous de la moyenne | → Révision salariale recommandée | → Bonus ou avantages supplémentaires
922,20,Sales,Sales Representative,1,0.8228497345449272,URGENT,7, RISQUE ÉLEVÉ D'ATTRITION | → Entretien individuel immédiat avec le manager | → Révision salariale prioritaire | → Plan de rétention personnalisé |  Salaire en dessous de la moyenne | → Révision salariale recommandée | → Bonus ou avantages supplémentaires
923,21,Research & Development,Research Scientist,1,0.8310860705703506,URGENT,4, RISQUE ÉLEVÉ D'ATTRITION | → Entretien individuel immédiat avec le manager | → Révision salariale prioritaire | → Plan de rétention personnalisé
926,22,Research & Development,Manufacturing Director,1,0.8706999572046115,URGENT,7, RISQUE ÉLEVÉ D'ATTRITION | → Entretien individuel immédiat avec le manager | → Révision salariale prioritaire | → Plan de rétention personnalisé |  Salaire en dessous de la moyenne | → Révision salariale recommandée | → Bonus ou avantages supplémentaires
927,41,Research & Development,Laboratory Technician,1,0.8236482910009455,URGENT,13, RISQUE ÉLEVÉ D'ATTRITION | → Entretien individuel immédiat avec le manager | → Révision salariale prioritaire | → Plan de rétention personnalisé |  Surcharge de travail détectée | → Redistribution de la charge de travail | → Embauche d'un support supplémentaire |  Formation insuffisante | → Programme de formation continue | → Certifications professionnelles |  Faible implication au travail | → Projets stimulants et motivants | → Reconnaissance et valorisation
932,39,Research & Development,Laboratory Technician,1,0.9575172478653134,URGENT,18, RISQUE ÉLEVÉ D'ATTRITION | → Entretien individuel immédiat avec le manager | → Révision salariale prioritaire | → Plan de rétention personnalisé |  Satisfaction au travail faible | → Évaluation des tâches et responsabilités | → Possibilité de changement de rôle ou projet | → Formation pour développement de compétences |  Équilibre vie-travail insuffisant | → Réduction des heures supplémentaires | → Télétravail ou horaires flexibles | → Programme de bien-être |  Surcharge de travail détectée | → Redistribution de la charge de travail | → Embauche d'un support supplémentaire |  Salaire en dessous de la moyenne | → Révision salariale recommandée | → Bonus ou avantages supplémentaires
952,25,Sales,Sales Representative,1,0.9779660365597562,URGENT,4, RISQUE ÉLEVÉ D'ATTRITION | → Entretien individuel immédiat avec le manager | → Révision salariale prioritaire | → Plan de rétention personnalisé
959,19,Sales,Sales Representative,1,0.9778084154824531,URGENT,10, RISQUE ÉLEVÉ D'ATTRITION | → Entretien individuel immédiat avec le manager | → Révision salariale prioritaire | → Plan de rétention personnalisé |  Salaire en dessous de la moyenne | → Révision salariale recommandée | → Bonus ou avantages supplémentaires |  Distance domicile-travail importante | → Télétravail partiel ou complet | → Aide au transport
960,20,Research & Development,Laboratory Technician,1,0.9466367723311068,URGENT,11, RISQUE ÉLEVÉ D'ATTRITION | → Entretien individuel immédiat avec le manager | → Révision salariale prioritaire | → Plan de rétention personnalisé |  Satisfaction au travail faible | → Évaluation des tâches et responsabilités | → Possibilité de changement de rôle ou projet | → Formation pour développement de compétences |  Insatisfaction environnement de travail | → Amélioration des conditions de travail | → Changement d'équipe ou de bureau
967,36,Sales,Sales Executive,0,0.7560306351444412,URGENT,4, RISQUE ÉLEVÉ D'ATTRITION | → Entretien individuel immédiat avec le manager | → Révision salariale prioritaire | → Plan de rétention personnalisé
970,37,Sales,Sales Executive,0,0.8961757872592025,URGENT,15, RISQUE ÉLEVÉ D'ATTRITION | → Entretien individuel immédiat avec le manager | → Révision salariale prioritaire | → Plan de rétention personnalisé |  Équilibre vie-travail insuffisant | → Réduction des heures supplémentaires | → Télétravail ou horaires flexibles | → Programme de bien-être |  Insatisfaction environnement de travail | → Amélioration des conditions de travail | → Changement d'équipe ou de bureau |  Stagnation de carrière | → Plan de développement de carrière | → Évaluation pour promotion | → Nouvelles responsabilités
977,58,Research & Development,Research Scientist,1,0.8310422424164806,URGENT,4, RISQUE ÉLEVÉ D'ATTRITION | → Entretien individuel immédiat avec le manager | → Révision salariale prioritaire | → Plan de rétention personnalisé
986,40,Sales,Sales Executive,1,0.9371253084379031,URGENT,10, RISQUE ÉLEVÉ D'ATTRITION | → Entretien individuel immédiat avec le manager | → Révision salariale prioritaire | → Plan de rétention personnalisé |  Surcharge de travail détectée | → Redistribution de la charge de travail | → Embauche d'un support supplémentaire |  Distance domicile-travail importante | → Télétravail partiel ou complet | → Aide au transport
991,31,Research & Development,Research Scientist,1,0.9576775328838136,URGENT,14, RISQUE ÉLEVÉ D'ATTRITION | → Entretien individuel immédiat avec le manager | → Révision salariale prioritaire | → Plan de rétention personnalisé |  Satisfaction au travail faible | → Évaluation des tâches et responsabilités | → Possibilité de changement de rôle ou projet | → Formation pour développement de compétences |  Salaire en dessous de la moyenne | → Révision salariale recommandée | → Bonus ou avantages supplémentaires |  Formation insuffisante | → Programme de formation continue | → Certifications professionnelles
994,29,Research & Development,Research Scientist,1,0.9510110777728837,URGENT,11, RISQUE ÉLEVÉ D'ATTRITION | → Entretien individuel immédiat avec le manager | → Révision salariale prioritaire | → Plan de rétention personnalisé |  Satisfaction au travail faible | → Évaluation des tâches et responsabilités | → Possibilité de changement de rôle ou projet | → Formation pour développement de compétences |  Salaire en dessous de la moyenne | → Révision salariale recommandée | → Bonus ou avantages supplémentaires
1004,30,Research & Development,Research Scientist,1,0.9635982946444439,URGENT,13, RISQUE ÉLEVÉ D'ATTRITION | → Entretien individuel immédiat avec le manager | → Révision salariale prioritaire | → Plan de rétention personnalisé |  Insatisfaction environnement de travail | → Amélioration des conditions de travail | → Changement d'équipe ou de bureau |  Salaire en dessous de la moyenne | → Révision salariale recommandée | → Bonus ou avantages supplémentaires |  Distance domicile-travail importante | → Télétravail partiel ou complet | → Aide au transport
1010,35,Research & Development,Laboratory Technician,1,0.8532862301113672,URGENT,11, RISQUE ÉLEVÉ D'ATTRITION | → Entretien individuel immédiat avec le manager | → Révision salariale prioritaire | → Plan de rétention personnalisé |  Équilibre vie-travail insuffisant | → Réduction des heures supplémentaires | → Télétravail ou horaires flexibles | → Programme de bien-être |  Surcharge de travail détectée | → Redistribution de la charge de travail | → Embauche d'un support supplémentaire
1016,20,Research & Development,Research Scientist,1,0.968975081025307,URGENT,8, RISQUE ÉLEVÉ D'ATTRITION | → Entretien individuel immédiat avec le manager | → Révision salariale prioritaire | → Plan de rétention personnalisé |  Satisfaction au travail faible | → Évaluation des tâches et responsabilités | → Possibilité de changement de rôle ou projet | → Formation pour développement de compétences
1033,37,Research & Development,Healthcare Representative,1,0.9504897155431623,URGENT,14, RISQUE ÉLEVÉ D'ATTRITION | → Entretien individuel immédiat avec le manager | → Révision salariale prioritaire | → Plan de rétention personnalisé |  Équilibre vie-travail insuffisant | → Réduction des heures supplémentaires | → Télétravail ou horaires flexibles | → Programme de bien-être |  Insatisfaction environnement de travail | → Amélioration des conditions de travail | → Changement d'équipe ou de bureau |  Faible implication au travail | → Projets stimulants et motivants | → Reconnaissance et valorisation
1037,26,Sales,Sales Executive,1,0.9355502969017602,URGENT,14, RISQUE ÉLEVÉ D'ATTRITION | → Entretien individuel immédiat avec le manager | → Révision salariale prioritaire | → Plan de rétention personnalisé |  Satisfaction au travail faible | → Évaluation des tâches et responsabilités | → Possibilité de changement de rôle ou projet | → Formation pour développement de compétences |  Distance domicile-travail importante | → Télétravail partiel ou complet | → Aide au transport |  Faible implication au travail | → Projets stimulants et motivants | → Reconnaissance et valorisation
1038,52,Sales,Manager,0,0.9459359799302647,URGENT,14, RISQUE ÉLEVÉ D'ATTRITION | → Entretien individuel immédiat avec le manager | → Révision salariale prioritaire | → Plan de rétention personnalisé |  Insatisfaction environnement de travail | → Amélioration des conditions de travail | → Changement d'équipe ou de bureau |  Stagnation de carrière | → Plan de développement de carrière | → Évaluation pour promotion | → Nouvelles responsabilités |  Faible implication au travail | → Projets stimulants et motivants | → Reconnaissance et valorisation
1042,36,Research & Development,Laboratory Technician,0,0.8655525413319887,URGENT,15, RISQUE ÉLEVÉ D'ATTRITION | → Entretien individuel immédiat avec le manager | → Révision salariale prioritaire | → Plan de rétention personnalisé |  Satisfaction au travail faible | → Évaluation des tâches et responsabilités | → Possibilité de changement de rôle ou projet | → Formation pour développement de compétences |  Stagnation de carrière | → Plan de développement de carrière | → Évaluation pour promotion | → Nouvelles responsabilités |  Formation insuffisante | → Programme de formation continue | → Certifications professionnelles
1052,36,Research & Development,Laboratory Technician,1,0.7632081495918248,URGENT,7, RISQUE ÉLEVÉ D'ATTRITION | → Entretien individuel immédiat avec le manager | → Révision salariale prioritaire | → Plan de rétention personnalisé |  Insatisfaction environnement de travail | → Amélioration des conditions de travail | → Changement d'équipe ou de bureau
1053,26,Research & Development,Research Scientist,1,0.9700495172026525,URGENT,14, RISQUE ÉLEVÉ D'ATTRITION | → Entretien individuel immédiat avec le manager | → Révision salariale prioritaire | → Plan de rétention personnalisé |  Satisfaction au travail faible | → Évaluation des tâches et responsabilités | → Possibilité de changement de rôle ou projet | → Formation pour développement de compétences |  Insatisfaction environnement de travail | → Amélioration des conditions de travail | → Changement d'équipe ou de bureau |  Salaire en dessous de la moyenne | → Révision salariale recommandée | → Bonus ou avantages supplémentaires
1077,20,Sales,Sales Representative,1,0.9256957609721602,URGENT,4, RISQUE ÉLEVÉ D'ATTRITION | → Entretien individuel immédiat avec le manager | → Révision salariale prioritaire | → Plan de rétention personnalisé
1079,21,Research & Development,Laboratory Technician,1,0.965642824973947,URGENT,11, RISQUE ÉLEVÉ D'ATTRITION | → Entretien individuel immédiat avec le manager | → Révision salariale prioritaire | → Plan de rétention personnalisé |  Satisfaction au travail faible | → Évaluation des tâches et responsabilités | → Possibilité de changement de rôle ou projet | → Formation pour développement de compétences |  Salaire en dessous de la moyenne | → Révision salariale recommandée | → Bonus ou avantages supplémentaires
1081,51,Research & Development,Research Scientist,1,0.9528086261466769,URGENT,7, RISQUE ÉLEVÉ D'ATTRITION | → Entretien individuel immédiat avec le manager | → Révision salariale prioritaire | → Plan de rétention personnalisé |  Insatisfaction environnement de travail | → Amélioration des conditions de travail | → Changement d'équipe ou de bureau
1082,28,Research & Development,Healthcare Representative,0,0.8485222363456502,URGENT,11, RISQUE ÉLEVÉ D'ATTRITION | → Entretien individuel immédiat avec le manager | → Révision salariale prioritaire | → Plan de rétention personnalisé |  Satisfaction au travail faible | → Évaluation des tâches et responsabilités | → Possibilité de changement de rôle ou projet | → Formation pour développement de compétences |  Distance domicile-travail importante | → Télétravail partiel ou complet | → Aide au transport
1098,44,Human Resources,Human Resources,0,0.7264898606023595,URGENT,11, RISQUE ÉLEVÉ D'ATTRITION | → Entretien individuel immédiat avec le manager | → Révision salariale prioritaire | → Plan de rétention personnalisé |  Satisfaction au travail faible | → Évaluation des tâches et responsabilités | → Possibilité de changement de rôle ou projet | → Formation pour développement de compétences |  Formation insuffisante | → Programme de formation continue | → Certifications professionnelles
1100,35,Sales,Sales Executive,0,0.9342475310019869,URGENT,8, RISQUE ÉLEVÉ D'ATTRITION | → Entretien individuel immédiat avec le manager | → Révision salariale prioritaire | → Plan de rétention personnalisé |  Satisfaction au travail faible | → Évaluation des tâches et responsabilités | → Possibilité de changement de rôle ou projet | → Formation pour développement de compétences
1101,33,Research & Development,Research Scientist,0,0.6715136493242005,URGENT,10, RISQUE ÉLEVÉ D'ATTRITION | → Entretien individuel immédiat avec le manager | → Révision salariale prioritaire | → Plan de rétention personnalisé |  Insatisfaction environnement de travail | → Amélioration des conditions de travail | → Changement d'équipe ou de bureau |  Distance domicile-travail importante | → Télétravail partiel ou complet | → Aide au transport
1106,25,Research & Development,Laboratory Technician,1,0.8725908915711363,URGENT,4, RISQUE ÉLEVÉ D'ATTRITION | → Entretien individuel immédiat avec le manager | → Révision salariale prioritaire | → Plan de rétention personnalisé
1107,26,Research & Development,Laboratory Technician,1,0.9120187041881447,URGENT,16, RISQUE ÉLEVÉ D'ATTRITION | → Entretien individuel immédiat avec le manager | → Révision salariale prioritaire | → Plan de rétention personnalisé |  Insatisfaction environnement de travail | → Amélioration des conditions de travail | → Changement d'équipe ou de bureau |  Salaire en dessous de la moyenne | → Révision salariale recommandée | → Bonus ou avantages supplémentaires |  Formation insuffisante | → Programme de formation continue | → Certifications professionnelles |  Distance domicile-travail importante | → Télétravail partiel ou complet | → Aide au transport
1108,33,Research & Development,Research Scientist,1,0.9786719210339951,URGENT,16, RISQUE ÉLEVÉ D'ATTRITION | → Entretien individuel immédiat avec le manager | → Révision salariale prioritaire | → Plan de rétention personnalisé |  Insatisfaction environnement de travail | → Amélioration des conditions de travail | → Changement d'équipe ou de bureau |  Salaire en dessous de la moyenne | → Révision salariale recommandée | → Bonus ou avantages supplémentaires |  Formation insuffisante | → Programme de formation continue | → Certifications professionnelles |  Distance domicile-travail importante | → Télétravail partiel ou complet | → Aide au transport
1111,28,Research & Development,Laboratory Technician,1,0.8511101213794292,URGENT,7, RISQUE ÉLEVÉ D'ATTRITION | → Entretien individuel immédiat avec le manager | → Révision salariale prioritaire | → Plan de rétention personnalisé |  Insatisfaction environnement de travail | → Amélioration des conditions de travail | → Changement d'équipe ou de bureau
1113,50,Sales,Sales Executive,1,0.8280377988948011,URGENT,7, RISQUE ÉLEVÉ D'ATTRITION | → Entretien individuel immédiat avec le manager | → Révision salariale prioritaire | → Plan de rétention personnalisé |  Salaire en dessous de la moyenne | → Révision salariale recommandée | → Bonus ou avantages supplémentaires
1127,39,Research & Development,Healthcare Representative,0,0.842742252290407,URGENT,14, RISQUE ÉLEVÉ D'ATTRITION | → Entretien individuel immédiat avec le manager | → Révision salariale prioritaire | → Plan de rétention personnalisé |  Insatisfaction environnement de travail | → Amélioration des conditions de travail | → Changement d'équipe ou de bureau |  Stagnation de carrière | → Plan de développement de carrière | → Évaluation pour promotion | → Nouvelles responsabilités |  Salaire en dessous de la moyenne | → Révision salariale recommandée | → Bonus ou avantages supplémentaires
1156,18,Research & Development,Laboratory Technician,1,0.8856041264821941,URGENT,10, RISQUE ÉLEVÉ D'ATTRITION | → Entretien individuel immédiat avec le manager | → Révision salariale prioritaire | → Plan de rétention personnalisé |  Salaire en dessous de la moyenne | → Révision salariale recommandée | → Bonus ou avantages supplémentaires |  Formation insuffisante | → Programme de formation continue | → Certifications professionnelles
1157,33,Sales,Sales Executive,1,0.8319811232234089,URGENT,11, RISQUE ÉLEVÉ D'ATTRITION | → Entretien individuel immédiat avec le manager | → Révision salariale prioritaire | → Plan de rétention personnalisé |  Satisfaction au travail faible | → Évaluation des tâches et responsabilités | → Possibilité de changement de rôle ou projet | → Formation pour développement de compétences |  Insatisfaction environnement de travail | → Amélioration des conditions de travail | → Changement d'équipe ou de bureau
1165,29,Sales,Sales Executive,0,0.8227557195711909,URGENT,18, RISQUE ÉLEVÉ D'ATTRITION | → Entretien individuel immédiat avec le manager | → Révision salariale prioritaire | → Plan de rétention personnalisé |  Satisfaction au travail faible | → Évaluation des tâches et responsabilités | → Possibilité de changement de rôle ou projet | → Formation pour développement de compétences |  Équilibre vie-travail insuffisant | → Réduction des heures supplémentaires | → Télétravail ou horaires flexibles | → Programme de bien-être |  Salaire en dessous de la moyenne | → Révision salariale recommandée | → Bonus ou avantages supplémentaires |  Distance domicile-travail importante | → Télétravail partiel ou complet | → Aide au transport
1167,42,Sales,Sales Executive,0,0.8568363011176685,URGENT,15, RISQUE ÉLEVÉ D'ATTRITION | → Entretien individuel immédiat avec le manager | → Révision salariale prioritaire | → Plan de rétention personnalisé |  Satisfaction au travail faible | → Évaluation des tâches et responsabilités | → Possibilité de changement de rôle ou projet | → Formation pour développement de compétences |  Surcharge de travail détectée | → Redistribution de la charge de travail | → Embauche d'un support supplémentaire |  Stagnation de carrière | → Plan de développement de carrière | → Évaluation pour promotion | → Nouvelles responsabilités
1175,28,Research & Development,Laboratory Technician,1,0.8986585068226096,URGENT,7, RISQUE ÉLEVÉ D'ATTRITION | → Entretien individuel immédiat avec le manager | → Révision salariale prioritaire | → Plan de rétention personnalisé |  Surcharge de travail détectée | → Redistribution de la charge de travail | → Embauche d'un support supplémentaire
1188,43,Sales,Sales Executive,1,0.9298613791888988,URGENT,10, RISQUE ÉLEVÉ D'ATTRITION | → Entretien individuel immédiat avec le manager | → Révision salariale prioritaire | → Plan de rétention personnalisé |  Insatisfaction environnement de travail | → Amélioration des conditions de travail | → Changement d'équipe ou de bureau |  Faible implication au travail | → Projets stimulants et motivants | → Reconnaissance et valorisation
1203,22,Research & Development,Research Scientist,1,0.9344446932466769,URGENT,4, RISQUE ÉLEVÉ D'ATTRITION | → Entretien individuel immédiat avec le manager | → Révision salariale prioritaire | → Plan de rétention personnalisé
1210,41,Research & Development,Research Scientist,1,0.8740057660225373,URGENT,18, RISQUE ÉLEVÉ D'ATTRITION | → Entretien individuel immédiat avec le manager | → Révision salariale prioritaire | → Plan de rétention personnalisé |  Satisfaction au travail faible | → Évaluation des tâches et responsabilités | → Possibilité de changement de rôle ou projet | → Formation pour développement de compétences |  Équilibre vie-travail insuffisant | → Réduction des heures supplémentaires | → Télétravail ou horaires flexibles | → Programme de bien-être |  Insatisfaction environnement de travail | → Amélioration des conditions de travail | → Changement d'équipe ou de bureau |  Salaire en dessous de la moyenne | → Révision salariale recommandée | → Bonus ou avantages supplémentaires
1219,24,Research & Development,Laboratory Technician,1,0.8436321121877097,URGENT,11, RISQUE ÉLEVÉ D'ATTRITION | → Entretien individuel immédiat avec le manager | → Révision salariale prioritaire | → Plan de rétention personnalisé |  Équilibre vie-travail insuffisant | → Réduction des heures supplémentaires | → Télétravail ou horaires flexibles | → Programme de bien-être |  Salaire en dessous de la moyenne | → Révision salariale recommandée | → Bonus ou avantages supplémentaires
1248,19,Research & Development,Research Scientist,1,0.9729175745360167,URGENT,10, RISQUE ÉLEVÉ D'ATTRITION | → Entretien individuel immédiat avec le manager | → Révision salariale prioritaire | → Plan de rétention personnalisé |  Insatisfaction environnement de travail | → Amélioration des conditions de travail | → Changement d'équipe ou de bureau |  Salaire en dessous de la moyenne | → Révision salariale recommandée | → Bonus ou avantages supplémentaires
1273,25,Sales,Sales Representative,1,0.9841166103690613,URGENT,13, RISQUE ÉLEVÉ D'ATTRITION | → Entretien individuel immédiat avec le manager | → Révision salariale prioritaire | → Plan de rétention personnalisé |  Salaire en dessous de la moyenne | → Révision salariale recommandée | → Bonus ou avantages supplémentaires |  Distance domicile-travail importante | → Télétravail partiel ou complet | → Aide au transport |  Faible implication au travail | → Projets stimulants et motivants | → Reconnaissance et valorisation
1277,45,Sales,Manager,0,0.8494977349527172,URGENT,10, RISQUE ÉLEVÉ D'ATTRITION | → Entretien individuel immédiat avec le manager | → Révision salariale prioritaire | → Plan de rétention personnalisé |  Insatisfaction environnement de travail | → Amélioration des conditions de travail | → Changement d'équipe ou de bureau |  Faible implication au travail | → Projets stimulants et motivants | → Reconnaissance et valorisation
1279,21,Research & Development,Laboratory Technician,1,0.8916727692146146,URGENT,11, RISQUE ÉLEVÉ D'ATTRITION | → Entretien individuel immédiat avec le manager | → Révision salariale prioritaire | → Plan de rétention personnalisé |  Équilibre vie-travail insuffisant | → Réduction des heures supplémentaires | → Télétravail ou horaires flexibles | → Programme de bien-être |  Insatisfaction environnement de travail | → Amélioration des conditions de travail | → Changement d'équipe ou de bureau
1299,29,Research & Development,Laboratory Technician,0,0.8023811956814745,URGENT,8, RISQUE ÉLEVÉ D'ATTRITION | → Entretien individuel immédiat avec le manager | → Révision salariale prioritaire | → Plan de rétention personnalisé |  Stagnation de carrière | → Plan de développement de carrière | → Évaluation pour promotion | → Nouvelles responsabilités
1318,40,Sales,Sales Executive,1,0.8865774318694213,URGENT,7, RISQUE ÉLEVÉ D'ATTRITION | → Entretien individuel immédiat avec le manager | → Révision salariale prioritaire | → Plan de rétention personnalisé |  Distance domicile-travail importante | → Télétravail partiel ou complet | → Aide au transport
1319,52,Sales,Sales Executive,0,0.8976472502022896,URGENT,11, RISQUE ÉLEVÉ D'ATTRITION | → Entretien individuel immédiat avec le manager | → Révision salariale prioritaire | → Plan de rétention personnalisé |  Surcharge de travail détectée | → Redistribution de la charge de travail | → Embauche d'un support supplémentaire |  Stagnation de carrière | → Plan de développement de carrière | → Évaluation pour promotion | → Nouvelles responsabilités
1331,31,Sales,Sales Representative,1,0.9179196761905785,URGENT,4, RISQUE ÉLEVÉ D'ATTRITION | → Entretien individuel immédiat avec le manager | → Révision salariale prioritaire | → Plan de rétention personnalisé
1333,44,Research & Development,Laboratory Technician,1,0.7102829644982313,URGENT,14, RISQUE ÉLEVÉ D'ATTRITION | → Entretien individuel immédiat avec le manager | → Révision salariale prioritaire | → Plan de rétention personnalisé |  Satisfaction au travail faible | → Évaluation des tâches et responsabilités | → Possibilité de changement de rôle ou projet | → Formation pour développement de compétences |  Insatisfaction environnement de travail | → Amélioration des conditions de travail | → Changement d'équipe ou de bureau |  Salaire en dessous de la moyenne | → Révision salariale recommandée | → Bonus ou avantages supplémentaires
1360,58,Research & Development,Manufacturing Director,0,0.8671316578731995,URGENT,14, RISQUE ÉLEVÉ D'ATTRITION | → Entretien individuel immédiat avec le manager | → Révision salariale prioritaire | → Plan de rétention personnalisé |  Satisfaction au travail faible | → Évaluation des tâches et responsabilités | → Possibilité de changement de rôle ou projet | → Formation pour développement de compétences |  Surcharge de travail détectée | → Redistribution de la charge de travail | → Embauche d'un support supplémentaire |  Formation insuffisante | → Programme de formation continue | → Certifications professionnelles
1372,55,Sales,Sales Executive,0,0.8706164172863643,URGENT,10, RISQUE ÉLEVÉ D'ATTRITION | → Entretien individuel immédiat avec le manager | → Révision salariale prioritaire | → Plan de rétention personnalisé |  Surcharge de travail détectée | → Redistribution de la charge de travail | → Embauche d'un support supplémentaire |  Insatisfaction environnement de travail | → Amélioration des conditions de travail | → Changement d'équipe ou de bureau
1379,31,Sales,Sales Representative,1,0.8578859671071523,URGENT,4, RISQUE ÉLEVÉ D'ATTRITION | → Entretien individuel immédiat avec le manager | → Révision salariale prioritaire | → Plan de rétention personnalisé
1380,35,Sales,Sales Executive,1,0.8187968524262753,URGENT,13, RISQUE ÉLEVÉ D'ATTRITION | → Entretien individuel immédiat avec le manager | → Révision salariale prioritaire | → Plan de rétention personnalisé |  Surcharge de travail détectée | → Redistribution de la charge de travail | → Embauche d'un support supplémentaire |  Salaire en dessous de la moyenne | → Révision salariale recommandée | → Bonus ou avantages supplémentaires |  Formation insuffisante | → Programme de formation continue | → Certifications professionnelles
1389,31,Research & Development,Manufacturing Director,1,0.6425338318080971,URGENT,14, RISQUE ÉLEVÉ D'ATTRITION | → Entretien individuel immédiat avec le manager | → Révision salariale prioritaire | → Plan de rétention personnalisé |  Surcharge de travail détectée | → Redistribution de la charge de travail | → Embauche d'un support supplémentaire |  Stagnation de carrière | → Plan de développement de carrière | → Évaluation pour promotion | → Nouvelles responsabilités |  Distance domicile-travail importante | → Télétravail partiel ou complet | → Aide au transport
1405,27,Research & Development,Research Scientist,1,0.9583805733772826,URGENT,11, RISQUE ÉLEVÉ D'ATTRITION | → Entretien individuel immédiat avec le manager | → Révision salariale prioritaire | → Plan de rétention personnalisé |  Stagnation de carrière | → Plan de développement de carrière | → Évaluation pour promotion | → Nouvelles responsabilités |  Salaire en dessous de la moyenne | → Révision salariale recommandée | → Bonus ou avantages supplémentaires
1420,49,Research & Development,Laboratory Technician,1,0.8770648859370148,URGENT,17, RISQUE ÉLEVÉ D'ATTRITION | → Entretien individuel immédiat avec le manager | → Révision salariale prioritaire | → Plan de rétention personnalisé |  Satisfaction au travail faible | → Évaluation des tâches et responsabilités | → Possibilité de changement de rôle ou projet | → Formation pour développement de compétences |  Insatisfaction environnement de travail | → Amélioration des conditions de travail | → Changement d'équipe ou de bureau |  Salaire en dessous de la moyenne | → Révision salariale recommandée | → Bonus ou avantages supplémentaires |  Distance domicile-travail importante | → Télétravail partiel ou complet | → Aide au transport
1421,29,Research & Development,Healthcare Representative,0,0.8709936568325558,URGENT,14, RISQUE ÉLEVÉ D'ATTRITION | → Entretien individuel immédiat avec le manager | → Révision salariale prioritaire | → Plan de rétention personnalisé |  Stagnation de carrière | → Plan de développement de carrière | → Évaluation pour promotion | → Nouvelles responsabilités |  Salaire en dessous de la moyenne | → Révision salariale recommandée | → Bonus ou avantages supplémentaires |  Formation insuffisante | → Programme de formation continue | → Certifications professionnelles
1427,31,Sales,Sales Representative,1,0.9915361469676159,URGENT,10, RISQUE ÉLEVÉ D'ATTRITION | → Entretien individuel immédiat avec le manager | → Révision salariale prioritaire | → Plan de rétention personnalisé |  Salaire en dessous de la moyenne | → Révision salariale recommandée | → Bonus ou avantages supplémentaires |  Faible implication au travail | → Projets stimulants et motivants | → Reconnaissance et valorisation
1433,31,Research & Development,Research Scientist,1,0.909965435604521,URGENT,10, RISQUE ÉLEVÉ D'ATTRITION | → Entretien individuel immédiat avec le manager | → Révision salariale prioritaire | → Plan de rétention personnalisé |  Insatisfaction environnement de travail | → Amélioration des conditions de travail | → Changement d'équipe ou de bureau |  Salaire en dessous de la moyenne | → Révision salariale recommandée | → Bonus ou avantages supplémentaires
1439,25,Sales,Sales Representative,1,0.7782751540356921,URGENT,11, RISQUE ÉLEVÉ D'ATTRITION | → Entretien individuel immédiat avec le manager | → Révision salariale prioritaire | → Plan de rétention personnalisé |  Satisfaction au travail faible | → Évaluation des tâches et responsabilités | → Possibilité de changement de rôle ou projet | → Formation pour développement de compétences |  Insatisfaction environnement de travail | → Amélioration des conditions de travail | → Changement d'équipe ou de bureau
1457,46,Sales,Sales Executive,0,0.7381242081516577,URGENT,10, RISQUE ÉLEVÉ D'ATTRITION | → Entretien individuel immédiat avec le manager | → Révision salariale prioritaire | → Plan de rétention personnalisé |  Insatisfaction environnement de travail | → Amélioration des conditions de travail | → Changement d'équipe ou de bureau |  Formation insuffisante | → Programme de formation continue | → Certifications professionnelles
1458,39,Research & Development,Laboratory Technician,1,0.9401744049607655,URGENT,11, RISQUE ÉLEVÉ D'ATTRITION | → Entretien individuel immédiat avec le manager | → Révision salariale prioritaire | → Plan de rétention personnalisé |  Satisfaction au travail faible | → Évaluation des tâches et responsabilités | → Possibilité de changement de rôle ou projet | → Formation pour développement de compétences |  Insatisfaction environnement de travail | → Amélioration des conditions de travail | → Changement d'équipe ou de bureau
1459,31,Research & Development,Manufacturing Director,0,0.6406738274724564,URGENT,7, RISQUE ÉLEVÉ D'ATTRITION | → Entretien individuel immédiat avec le manager | → Révision salariale prioritaire | → Plan de rétention personnalisé |  Salaire en dessous de la moyenne | → Révision salariale recommandée | → Bonus ou avantages supplémentaires
1464,31,Research & Development,Laboratory Technician,1,0.9683082998286249,URGENT,11, RISQUE ÉLEVÉ D'ATTRITION | → Entretien individuel immédiat avec le manager | → Révision salariale prioritaire | → Plan de rétention personnalisé |  Équilibre vie-travail insuffisant | → Réduction des heures supplémentaires | → Télétravail ou horaires flexibles | → Programme de bien-être |  Surcharge de travail détectée | → Redistribution de la charge de travail | → Embauche d'un support supplémentaire
1467,34,Human Resources,Human Resources,1,0.7452341646693277,URGENT,10, RISQUE ÉLEVÉ D'ATTRITION | → Entretien individuel immédiat avec le manager | → Révision salariale prioritaire | → Plan de rétention personnalisé |  Insatisfaction environnement de travail | → Amélioration des conditions de travail | → Changement d'équipe ou de bureau |  Formation insuffisante | → Programme de formation continue | → Certifications professionnelles
1486,28,Sales,Sales Representative,1,0.8274836637872826,URGENT,7, RISQUE ÉLEVÉ D'ATTRITION | → Entretien individuel immédiat avec le manager | → Révision salariale prioritaire | → Plan de rétention personnalisé |  Insatisfaction environnement de travail | → Amélioration des conditions de travail | → Changement d'équipe ou de bureau
1487,29,Sales,Sales Executive,1,0.9400153931710736,URGENT,11, RISQUE ÉLEVÉ D'ATTRITION | → Entretien individuel immédiat avec le manager | → Révision salariale prioritaire | → Plan de rétention personnalisé |  Équilibre vie-travail insuffisant | → Réduction des heures supplémentaires | → Télétravail ou horaires flexibles | → Programme de bien-être |  Insatisfaction environnement de travail | → Amélioration des conditions de travail | → Changement d'équipe ou de bureau
1489,34,Sales,Sales Executive,0,0.9532305023406477,URGENT,17, RISQUE ÉLEVÉ D'ATTRITION | → Entretien individuel immédiat avec le manager | → Révision salariale prioritaire | → Plan de rétention personnalisé |  Insatisfaction environnement de travail | → Amélioration des conditions de travail | → Changement d'équipe ou de bureau |  Stagnation de carrière | → Plan de développement de carrière | → Évaluation pour promotion | → Nouvelles responsabilités |  Salaire en dessous de la moyenne | → Révision salariale recommandée | → Bonus ou avantages supplémentaires |  Distance domicile-travail importante | → Télétravail partiel ou complet | → Aide au transport
1494,24,Research & Development,Laboratory Technician,1,0.9773422617379153,URGENT,11, RISQUE ÉLEVÉ D'ATTRITION | → Entretien individuel immédiat avec le manager | → Révision salariale prioritaire | → Plan de rétention personnalisé |  Satisfaction au travail faible | → Évaluation des tâches et responsabilités | → Possibilité de changement de rôle ou projet | → Formation pour développement de compétences |  Surcharge de travail détectée | → Redistribution de la charge de travail | → Embauche d'un support supplémentaire
1504,28,Research & Development,Laboratory Technician,1,0.9484382368450684,URGENT,8, RISQUE ÉLEVÉ D'ATTRITION | → Entretien individuel immédiat avec le manager | → Révision salariale prioritaire | → Plan de rétention personnalisé |  Satisfaction au travail faible | → Évaluation des tâches et responsabilités | → Possibilité de changement de rôle ou projet | → Formation pour développement de compétences
1522,29,Research & Development,Research Scientist,1,0.9282469984628499,URGENT,18, RISQUE ÉLEVÉ D'ATTRITION | → Entretien individuel immédiat avec le manager | → Révision salariale prioritaire | → Plan de rétention personnalisé |  Satisfaction au travail faible | → Évaluation des tâches et responsabilités | → Possibilité de changement de rôle ou projet | → Formation pour développement de compétences |  Équilibre vie-travail insuffisant | → Réduction des heures supplémentaires | → Télétravail ou horaires flexibles | → Programme de bien-être |  Insatisfaction environnement de travail | → Amélioration des conditions de travail | → Changement d'équipe ou de bureau |  Salaire en dessous de la moyenne | → Révision salariale recommandée | → Bonus ou avantages supplémentaires
1534,40,Research & Development,Laboratory Technician,1,0.8709088590966121,URGENT,15, RISQUE ÉLEVÉ D'ATTRITION | → Entretien individuel immédiat avec le manager | → Révision salariale prioritaire | → Plan de rétention personnalisé |  Satisfaction au travail faible | → Évaluation des tâches et responsabilités | → Possibilité de changement de rôle ou projet | → Formation pour développement de compétences |  Équilibre vie-travail insuffisant | → Réduction des heures supplémentaires | → Télétravail ou horaires flexibles | → Programme de bien-être |  Salaire en dessous de la moyenne | → Révision salariale recommandée | → Bonus ou avantages supplémentaires
1537,31,Research & Development,Research Scientist,1,0.8383615441989218,URGENT,12, RISQUE ÉLEVÉ D'ATTRITION | → Entretien individuel immédiat avec le manager | → Révision salariale prioritaire | → Plan de rétention personnalisé |  Équilibre vie-travail insuffisant | → Réduction des heures supplémentaires | → Télétravail ou horaires flexibles | → Programme de bien-être |  Stagnation de carrière | → Plan de développement de carrière | → Évaluation pour promotion | → Nouvelles responsabilités
1569,35,Research & Development,Laboratory Technician,1,0.9396725836674656,URGENT,14, RISQUE ÉLEVÉ D'ATTRITION | → Entretien individuel immédiat avec le manager | → Révision salariale prioritaire | → Plan de rétention personnalisé |  Satisfaction au travail faible | → Évaluation des tâches et responsabilités | → Possibilité de changement de rôle ou projet | → Formation pour développement de compétences |  Insatisfaction environnement de travail | → Amélioration des conditions de travail | → Changement d'équipe ou de bureau |  Salaire en dessous de la moyenne | → Révision salariale recommandée | → Bonus ou avantages supplémentaires
1572,53,Research & Development,Manufacturing Director,0,0.792499125183909,URGENT,4, RISQUE ÉLEVÉ D'ATTRITION | → Entretien individuel immédiat avec le manager | → Révision salariale prioritaire | → Plan de rétention personnalisé
1604,28,Research & Development,Laboratory Technician,1,0.9466548779211089,URGENT,10, RISQUE ÉLEVÉ D'ATTRITION | → Entretien individuel immédiat avec le manager | → Révision salariale prioritaire | → Plan de rétention personnalisé |  Salaire en dessous de la moyenne | → Révision salariale recommandée | → Bonus ou avantages supplémentaires |  Distance domicile-travail importante | → Télétravail partiel ou complet | → Aide au transport
1624,18,Sales,Sales Representative,1,0.9771246357182861,URGENT,7, RISQUE ÉLEVÉ D'ATTRITION | → Entretien individuel immédiat avec le manager | → Révision salariale prioritaire | → Plan de rétention personnalisé |  Salaire en dessous de la moyenne | → Révision salariale recommandée | → Bonus ou avantages supplémentaires
1639,35,Sales,Sales Executive,0,0.837662304450798,URGENT,12, RISQUE ÉLEVÉ D'ATTRITION | → Entretien individuel immédiat avec le manager | → Révision salariale prioritaire | → Plan de rétention personnalisé |  Satisfaction au travail faible | → Évaluation des tâches et responsabilités | → Possibilité de changement de rôle ou projet | → Formation pour développement de compétences |  Stagnation de carrière | → Plan de développement de carrière | → Évaluation pour promotion | → Nouvelles responsabilités
1645,35,Sales,Sales Executive,1,0.9614705640793354,URGENT,13, RISQUE ÉLEVÉ D'ATTRITION | → Entretien individuel immédiat avec le manager | → Révision salariale prioritaire | → Plan de rétention personnalisé |  Surcharge de travail détectée | → Redistribution de la charge de travail | → Embauche d'un support supplémentaire |  Insatisfaction environnement de travail | → Amélioration des conditions de travail | → Changement d'équipe ou de bureau |  Faible implication au travail | → Projets stimulants et motivants | → Reconnaissance et valorisation
1649,40,Research & Development,Laboratory Technician,1,0.9281207604640797,URGENT,21, RISQUE ÉLEVÉ D'ATTRITION | → Entretien individuel immédiat avec le manager | → Révision salariale prioritaire | → Plan de rétention personnalisé |  Satisfaction au travail faible | → Évaluation des tâches et responsabilités | → Possibilité de changement de rôle ou projet | → Formation pour développement de compétences |  Équilibre vie-travail insuffisant | → Réduction des heures supplémentaires | → Télétravail ou horaires flexibles | → Programme de bien-être |  Surcharge de travail détectée | → Redistribution de la charge de travail | → Embauche d'un support supplémentaire |  Insatisfaction environnement de travail | → Amélioration des conditions de travail | → Changement d'équipe ou de bureau |  Salaire en dessous de la moyenne | → Révision salariale recommandée | → Bonus ou avantages supplémentaires
1667,35,Sales,Sales Executive,0,0.93107109069736,URGENT,11, RISQUE ÉLEVÉ D'ATTRITION | → Entretien individuel immédiat avec le manager | → Révision salariale prioritaire | → Plan de rétention personnalisé |  Stagnation de carrière | → Plan de développement de carrière | → Évaluation pour promotion | → Nouvelles responsabilités |  Salaire en dessous de la moyenne | → Révision salariale recommandée | → Bonus ou avantages supplémentaires
1684,23,Research & Development,Laboratory Technician,1,0.931165560368427,URGENT,4, RISQUE ÉLEVÉ D'ATTRITION | → Entretien individuel immédiat avec le manager | → Révision salariale prioritaire | → Plan de rétention personnalisé
1691,48,Sales,Sales Representative,0,0.8733624495318751,URGENT,8, RISQUE ÉLEVÉ D'ATTRITION | → Entretien individuel immédiat avec le manager | → Révision salariale prioritaire | → Plan de rétention personnalisé |  Stagnation de carrière | → Plan de développement de carrière | → Évaluation pour promotion | → Nouvelles responsabilités
1692,32,Research & Development,Laboratory Technician,1,0.8822071603812223,URGENT,7, RISQUE ÉLEVÉ D'ATTRITION | → Entretien individuel immédiat avec le manager | → Révision salariale prioritaire | → Plan de rétention personnalisé |  Salaire en dessous de la moyenne | → Révision salariale recommandée | → Bonus ou avantages supplémentaires
1702,23,Sales,Sales Representative,1,0.8117198156860521,URGENT,4, RISQUE ÉLEVÉ D'ATTRITION | → Entretien individuel immédiat avec le manager | → Révision salariale prioritaire | → Plan de rétention personnalisé
1714,24,Human Resources,Human Resources,1,0.8871973924454335,URGENT,13, RISQUE ÉLEVÉ D'ATTRITION | → Entretien individuel immédiat avec le manager | → Révision salariale prioritaire | → Plan de rétention personnalisé |  Salaire en dessous de la moyenne | → Révision salariale recommandée | → Bonus ou avantages supplémentaires |  Distance domicile-travail importante | → Télétravail partiel ou complet | → Aide au transport |  Faible implication au travail | → Projets stimulants et motivants | → Reconnaissance et valorisation
1716,47,Sales,Sales Executive,0,0.9468151262257437,URGENT,15, RISQUE ÉLEVÉ D'ATTRITION | → Entretien individuel immédiat avec le manager | → Révision salariale prioritaire | → Plan de rétention personnalisé |  Équilibre vie-travail insuffisant | → Réduction des heures supplémentaires | → Télétravail ou horaires flexibles | → Programme de bien-être |  Stagnation de carrière | → Plan de développement de carrière | → Évaluation pour promotion | → Nouvelles responsabilités |  Faible implication au travail | → Projets stimulants et motivants | → Reconnaissance et valorisation
1733,36,Sales,Sales Executive,1,0.8619787097891896,URGENT,8, RISQUE ÉLEVÉ D'ATTRITION | → Entretien individuel immédiat avec le manager | → Révision salariale prioritaire | → Plan de rétention personnalisé |  Satisfaction au travail faible | → Évaluation des tâches et responsabilités | → Possibilité de changement de rôle ou projet | → Formation pour développement de compétences
1734,32,Sales,Sales Executive,1,0.9514102084767162,URGENT,10, RISQUE ÉLEVÉ D'ATTRITION | → Entretien individuel immédiat avec le manager | → Révision salariale prioritaire | → Plan de rétention personnalisé |  Insatisfaction environnement de travail | → Amélioration des conditions de travail | → Changement d'équipe ou de bureau |  Faible implication au travail | → Projets stimulants et motivants | → Reconnaissance et valorisation
1747,30,Human Resources,Human Resources,1,0.8595214969941279,URGENT,10, RISQUE ÉLEVÉ D'ATTRITION | → Entretien individuel immédiat avec le manager | → Révision salariale prioritaire | → Plan de rétention personnalisé |  Salaire en dessous de la moyenne | → Révision salariale recommandée | → Bonus ou avantages supplémentaires |  Formation insuffisante | → Programme de formation continue | → Certifications professionnelles
1752,29,Sales,Sales Representative,1,0.8864246759649952,URGENT,7, RISQUE ÉLEVÉ D'ATTRITION | → Entretien individuel immédiat avec le manager | → Révision salariale prioritaire | → Plan de rétention personnalisé |  Faible implication au travail | → Projets stimulants et motivants | → Reconnaissance et valorisation
1758,33,Sales,Sales Executive,1,0.9254676443863608,URGENT,14, RISQUE ÉLEVÉ D'ATTRITION | → Entretien individuel immédiat avec le manager | → Révision salariale prioritaire | → Plan de rétention personnalisé |  Satisfaction au travail faible | → Évaluation des tâches et responsabilités | → Possibilité de changement de rôle ou projet | → Formation pour développement de compétences |  Surcharge de travail détectée | → Redistribution de la charge de travail | → Embauche d'un support supplémentaire |  Insatisfaction environnement de travail | → Amélioration des conditions de travail | → Changement d'équipe ou de bureau
1761,31,Sales,Sales Executive,1,0.8198365672831393,URGENT,7, RISQUE ÉLEVÉ D'ATTRITION | → Entretien individuel immédiat avec le manager | → Révision salariale prioritaire | → Plan de rétention personnalisé |  Insatisfaction environnement de travail | → Amélioration des conditions de travail | → Changement d'équipe ou de bureau
1767,43,Research & Development,Research Scientist,1,0.9414728220917252,URGENT,4, RISQUE ÉLEVÉ D'ATTRITION | → Entretien individuel immédiat avec le manager | → Révision salariale prioritaire | → Plan de rétention personnalisé
1780,21,Sales,Sales Representative,1,0.6915057099078936,URGENT,4, RISQUE ÉLEVÉ D'ATTRITION | → Entretien individuel immédiat avec le manager | → Révision salariale prioritaire | → Plan de rétention personnalisé
1783,22,Research & Development,Laboratory Technician,1,0.9138649560960773,URGENT,11, RISQUE ÉLEVÉ D'ATTRITION | → Entretien individuel immédiat avec le manager | → Révision salariale prioritaire | → Plan de rétention personnalisé |  Satisfaction au travail faible | → Évaluation des tâches et responsabilités | → Possibilité de changement de rôle ou projet | → Formation pour développement de compétences |  Salaire en dessous de la moyenne | → Révision salariale recommandée | → Bonus ou avantages supplémentaires
1792,44,Research & Development,Research Scientist,1,0.6395155434679101,URGENT,10, RISQUE ÉLEVÉ D'ATTRITION | → Entretien individuel immédiat avec le manager | → Révision salariale prioritaire | → Plan de rétention personnalisé |  Surcharge de travail détectée | → Redistribution de la charge de travail | → Embauche d'un support supplémentaire |  Salaire en dessous de la moyenne | → Révision salariale recommandée | → Bonus ou avantages supplémentaires
1797,35,Sales,Sales Executive,0,0.900205850535082,URGENT,11, RISQUE ÉLEVÉ D'ATTRITION | → Entretien individuel immédiat avec le manager | → Révision salariale prioritaire | → Plan de rétention personnalisé |  Stagnation de carrière | → Plan de développement de carrière | → Évaluation pour promotion | → Nouvelles responsabilités |  Distance domicile-travail importante | → Télétravail partiel ou complet | → Aide au transport
1809,37,Research & Development,Manufacturing Director,1,0.8092860612170424,URGENT,15, RISQUE ÉLEVÉ D'ATTRITION | → Entretien individuel immédiat avec le manager | → Révision salariale prioritaire | → Plan de rétention personnalisé |  Satisfaction au travail faible | → Évaluation des tâches et responsabilités | → Possibilité de changement de rôle ou projet | → Formation pour développement de compétences |  Équilibre vie-travail insuffisant | → Réduction des heures supplémentaires | → Télétravail ou horaires flexibles | → Programme de bien-être |  Salaire en dessous de la moyenne | → Révision salariale recommandée | → Bonus ou avantages supplémentaires
1818,26,Human Resources,Human Resources,1,0.8850994435059881,URGENT,7, RISQUE ÉLEVÉ D'ATTRITION | → Entretien individuel immédiat avec le manager | → Révision salariale prioritaire | → Plan de rétention personnalisé |  Salaire en dessous de la moyenne | → Révision salariale recommandée | → Bonus ou avantages supplémentaires
1821,46,Research & Development,Healthcare Representative,0,0.6069499112404128,URGENT,7, RISQUE ÉLEVÉ D'ATTRITION | → Entretien individuel immédiat avec le manager | → Révision salariale prioritaire | → Plan de rétention personnalisé |  Distance domicile-travail importante | → Télétravail partiel ou complet | → Aide au transport
1842,31,Human Resources,Human Resources,1,0.8370103308480938,URGENT,8, RISQUE ÉLEVÉ D'ATTRITION | → Entretien individuel immédiat avec le manager | → Révision salariale prioritaire | → Plan de rétention personnalisé |  Satisfaction au travail faible | → Évaluation des tâches et responsabilités | → Possibilité de changement de rôle ou projet | → Formation pour développement de compétences
1844,29,Human Resources,Human Resources,1,0.9768588450461191,URGENT,11, RISQUE ÉLEVÉ D'ATTRITION | → Entretien individuel immédiat avec le manager | → Révision salariale prioritaire | → Plan de rétention personnalisé |  Satisfaction au travail faible | → Évaluation des tâches et responsabilités | → Possibilité de changement de rôle ou projet | → Formation pour développement de compétences |  Insatisfaction environnement de travail | → Amélioration des conditions de travail | → Changement d'équipe ou de bureau
1862,32,Sales,Sales Executive,1,0.8821099931738433,URGENT,7, RISQUE ÉLEVÉ D'ATTRITION | → Entretien individuel immédiat avec le manager | → Révision salariale prioritaire | → Plan de rétention personnalisé |  Surcharge de travail détectée | → Redistribution de la charge de travail | → Embauche d'un support supplémentaire
1868,29,Research & Development,Research Scientist,1,0.9772693523701598,URGENT,10, RISQUE ÉLEVÉ D'ATTRITION | → Entretien individuel immédiat avec le manager | → Révision salariale prioritaire | → Plan de rétention personnalisé |  Surcharge de travail détectée | → Redistribution de la charge de travail | → Embauche d'un support supplémentaire |  Distance domicile-travail importante | → Télétravail partiel ou complet | → Aide au transport
1869,46,Sales,Sales Executive,0,0.683311886440016,URGENT,7, RISQUE ÉLEVÉ D'ATTRITION | → Entretien individuel immédiat avec le manager | → Révision salariale prioritaire | → Plan de rétention personnalisé |  Salaire en dessous de la moyenne | → Révision salariale recommandée | → Bonus ou avantages supplémentaires
1876,30,Sales,Sales Representative,1,0.9273780396087961,URGENT,7, RISQUE ÉLEVÉ D'ATTRITION | → Entretien individuel immédiat avec le manager | → Révision salariale prioritaire | → Plan de rétention personnalisé |  Salaire en dessous de la moyenne | → Révision salariale recommandée | → Bonus ou avantages supplémentaires
1878,22,Research & Development,Research Scientist,1,0.9743207904452671,URGENT,4, RISQUE ÉLEVÉ D'ATTRITION | → Entretien individuel immédiat avec le manager | → Révision salariale prioritaire | → Plan de rétention personnalisé
1905,34,Research & Development,Research Scientist,1,0.9250040992511042,URGENT,14, RISQUE ÉLEVÉ D'ATTRITION | → Entretien individuel immédiat avec le manager | → Révision salariale prioritaire | → Plan de rétention personnalisé |  Satisfaction au travail faible | → Évaluation des tâches et responsabilités | → Possibilité de changement de rôle ou projet | → Formation pour développement de compétences |  Salaire en dessous de la moyenne | → Révision salariale recommandée | → Bonus ou avantages supplémentaires |  Faible implication au travail | → Projets stimulants et motivants | → Reconnaissance et valorisation
1907,56,Research & Development,Laboratory Technician,1,0.7781720037074089,URGENT,10, RISQUE ÉLEVÉ D'ATTRITION | → Entretien individuel immédiat avec le manager | → Révision salariale prioritaire | → Plan de rétention personnalisé |  Insatisfaction environnement de travail | → Amélioration des conditions de travail | → Changement d'équipe ou de bureau |  Distance domicile-travail importante | → Télétravail partiel ou complet | → Aide au transport
1928,29,Sales,Sales Representative,1,0.9742166244151574,URGENT,14, RISQUE ÉLEVÉ D'ATTRITION | → Entretien individuel immédiat avec le manager | → Révision salariale prioritaire | → Plan de rétention personnalisé |  Satisfaction au travail faible | → Évaluation des tâches et responsabilités | → Possibilité de changement de rôle ou projet | → Formation pour développement de compétences |  Salaire en dessous de la moyenne | → Révision salariale recommandée | → Bonus ou avantages supplémentaires |  Distance domicile-travail importante | → Télétravail partiel ou complet | → Aide au transport
1933,28,Sales,Sales Executive,1,0.9567380360847835,URGENT,7, RISQUE ÉLEVÉ D'ATTRITION | → Entretien individuel immédiat avec le manager | → Révision salariale prioritaire | → Plan de rétention personnalisé |  Formation insuffisante | → Programme de formation continue | → Certifications professionnelles
1939,32,Research & Development,Research Scientist,1,0.9360041274528782,URGENT,7, RISQUE ÉLEVÉ D'ATTRITION | → Entretien individuel immédiat avec le manager | → Révision salariale prioritaire | → Plan de rétention personnalisé |  Insatisfaction environnement de travail | → Amélioration des conditions de travail | → Changement d'équipe ou de bureau
1944,27,Human Resources,Human Resources,1,0.9898890483554813,URGENT,10, RISQUE ÉLEVÉ D'ATTRITION | → Entretien individuel immédiat avec le manager | → Révision salariale prioritaire | → Plan de rétention personnalisé |  Insatisfaction environnement de travail | → Amélioration des conditions de travail | → Changement d'équipe ou de bureau |  Distance domicile-travail importante | → Télétravail partiel ou complet | → Aide au transport
1960,28,Research & Development,Laboratory Technician,1,0.8008132579204774,URGENT,7, RISQUE ÉLEVÉ D'ATTRITION | → Entretien individuel immédiat avec le manager | → Révision salariale prioritaire | → Plan de rétention personnalisé |  Salaire en dessous de la moyenne | → Révision salariale recommandée | → Bonus ou avantages supplémentaires
1967,31,Sales,Sales Executive,1,0.8604743712425648,URGENT,10, RISQUE ÉLEVÉ D'ATTRITION | → Entretien individuel immédiat avec le manager | → Révision salariale prioritaire | → Plan de rétention personnalisé |  Insatisfaction environnement de travail | → Amélioration des conditions de travail | → Changement d'équipe ou de bureau |  Distance domicile-travail importante | → Télétravail partiel ou complet | → Aide au transport
1968,53,Sales,Sales Executive,1,0.9789325250412418,URGENT,17, RISQUE ÉLEVÉ D'ATTRITION | → Entretien individuel immédiat avec le manager | → Révision salariale prioritaire | → Plan de rétention personnalisé |  Satisfaction au travail faible | → Évaluation des tâches et responsabilités | → Possibilité de changement de rôle ou projet | → Formation pour développement de compétences |  Surcharge de travail détectée | → Redistribution de la charge de travail | → Embauche d'un support supplémentaire |  Insatisfaction environnement de travail | → Amélioration des conditions de travail | → Changement d'équipe ou de bureau |  Distance domicile-travail importante | → Télétravail partiel ou complet | → Aide au transport
2023,23,Sales,Sales Representative,1,0.9452515381755304,URGENT,11, RISQUE ÉLEVÉ D'ATTRITION | → Entretien individuel immédiat avec le manager | → Révision salariale prioritaire | → Plan de rétention personnalisé |  Satisfaction au travail faible | → Évaluation des tâches et responsabilités | → Possibilité de changement de rôle ou projet | → Formation pour développement de compétences |  Salaire en dessous de la moyenne | → Révision salariale recommandée | → Bonus ou avantages supplémentaires
2027,29,Research & Development,Research Scientist,1,0.83985948935785,URGENT,7, RISQUE ÉLEVÉ D'ATTRITION | → Entretien individuel immédiat avec le manager | → Révision salariale prioritaire | → Plan de rétention personnalisé |  Insatisfaction environnement de travail | → Amélioration des conditions de travail | → Changement d'équipe ou de bureau
2032,56,Research & Development,Laboratory Technician,0,0.891023574319748,URGENT,15, RISQUE ÉLEVÉ D'ATTRITION | → Entretien individuel immédiat avec le manager | → Révision salariale prioritaire | → Plan de rétention personnalisé |  Équilibre vie-travail insuffisant | → Réduction des heures supplémentaires | → Télétravail ou horaires flexibles | → Programme de bien-être |  Stagnation de carrière | → Plan de développement de carrière | → Évaluation pour promotion | → Nouvelles responsabilités |  Salaire en dessous de la moyenne | → Révision salariale recommandée | → Bonus ou avantages supplémentaires
2044,50,Sales,Sales Executive,1,0.6289094582747957,URGENT,4, RISQUE ÉLEVÉ D'ATTRITION | → Entretien individuel immédiat avec le manager | → Révision salariale prioritaire | → Plan de rétention personnalisé
2055,50,Sales,Sales Executive,1,0.8701950872651394,URGENT,11, RISQUE ÉLEVÉ D'ATTRITION | → Entretien individuel immédiat avec le manager | → Révision salariale prioritaire | → Plan de rétention personnalisé |  Satisfaction au travail faible | → Évaluation des tâches et responsabilités | → Possibilité de changement de rôle ou projet | → Formation pour développement de compétences |  Distance domicile-travail importante | → Télétravail partiel ou complet | → Aide au transport
